id,name,aliases,state,district,lat,lon,coords_source,verified
lasalgaon-mh,Lasalgaon APMC,Lasalgaon|Lasalgaon Market|Lasalgaon Onion Mandi,Maharashtra,Nashik,20.1472,74.2268,curated,true
pimpalgaon-mh,Pimpalgaon APMC,Pimpalgaon Baswant|Pimpalgaon Market|Pimpalgaon Mandi,Maharashtra,Nashik,20.1706,73.9856,curated,true
nashik-mh,Nashik APMC,Nashik Market|Nashik Mandi,Maharashtra,Nashik,20.0063,73.7912,curated,true
pune-mh,Pune Market Yard,Pune APMC|Pune Mandi|Gultekdi Market Yard,Maharashtra,Pune,18.4890,73.8654,curated,true
vashi-mh,Mumbai APMC Vashi,Vashi Market|Mumbai Mandi|Navi Mumbai APMC|Vashi APMC,Maharashtra,Thane,19.0771,73.0036,curated,true
surat-gj,Surat APMC,Surat Market|Surat Mandi,Gujarat,Surat,21.1926,72.8541,curated,true
ahmedabad-gj,Ahmedabad APMC,Amdavad APMC|Ahmedabad Market|Vasna APMC,Gujarat,Ahmedabad,23.0076,72.5645,curated,true
rajkot-gj,Rajkot Market Yard,Rajkot Mandi|Bedi Market Yard,Gujarat,Rajkot,22.3328,70.8142,curated,true
indore-mp,Indore Mandi,Indore Market|Indore APMC|Choithram Mandi,Madhya Pradesh,Indore,22.7533,75.8458,curated,true
ujjain-mp,Ujjain Mandi,Ujjain Market|Ujjain APMC,Madhya Pradesh,Ujjain,23.1828,75.7772,curated,true
mandsaur-mp,Mandsaur Mandi,Mandsaur Market|Mandsaur APMC,Madhya Pradesh,Mandsaur,24.0722,75.0689,curated,true
kota-rj,Kota Mandi,Kota Market|Bhamashah Mandi|Kota APMC,Rajasthan,Kota,25.1388,75.8714,curated,true
jaipur-rj,Jaipur Mandi,Jaipur APMC|Muhana Mandi,Rajasthan,Jaipur,26.8048,75.7612,curated,true
nagpur-mh,Nagpur APMC,Nagpur Market|Kalamna Market,Maharashtra,Nagpur,21.1712,79.1322,curated,true
kolhapur-mh,Kolhapur APMC,Kolhapur Market|Shahu Market Yard,Maharashtra,Kolhapur,16.7054,74.2433,curated,true
jalgaon-mh,Jalgaon APMC,Jalgaon Market|Jalgaon Mandi,Maharashtra,Jalgaon,21.0077,75.5626,curated,true
solapur-mh,Solapur APMC,Solapur Market|Solapur Mandi,Maharashtra,Solapur,17.6599,75.9064,curated,true
baramati-mh,Baramati APMC,Baramati Market|Baramati Mandi,Maharashtra,Pune,18.1517,74.5772,curated,true
gondal-gj,Gondal APMC,Gondal Market Yard|Gondal Mandi,Gujarat,Rajkot,21.9620,70.7960,curated,true
morbi-gj,Morbi APMC,Morbi Market Yard|Morbi Mandi,Gujarat,Morbi,22.8120,70.8378,curated,true
jamnagar-gj,Jamnagar APMC,Jamnagar Market Yard|Jamnagar Mandi,Gujarat,Jamnagar,22.4707,70.0577,curated,true
unjha-gj,Unjha APMC,Unjha Market Yard|Unjha Mandi,Gujarat,Mehsana,23.8039,72.3944,curated,true
khanna-pb,Khanna Mandi,Khanna Grain Market|Khanna Market Yard|Khanna APMC,Punjab,Ludhiana,30.7067,76.2205,curated,true
ludhiana-pb,Ludhiana APMC,Ludhiana Market Yard|Ludhiana Grain Market,Punjab,Ludhiana,30.9010,75.8573,curated,true
bathinda-pb,Bathinda APMC,Bathinda Market Yard|Bathinda Grain Market,Punjab,Bathinda,30.2110,74.9455,curated,true
jalandhar-pb,Jalandhar Cantt Mandi,Jalandhar APMC|Jalandhar Market Yard,Punjab,Jalandhar,31.3260,75.5762,curated,true
amritsar-pb,Amritsar APMC,Amritsar Grain Market|Bhagtanwala Mandi,Punjab,Amritsar,31.6340,74.8723,curated,true
karnal-hr,Karnal Mandi,Karnal APMC|Karnal Grain Market,Haryana,Karnal,29.6857,76.9905,curated,true
sirsa-hr,Sirsa Mandi,Sirsa APMC|Sirsa Cotton Mandi,Haryana,Sirsa,29.5349,75.0289,curated,true
hisar-hr,Hisar APMC,Hisar Mandi|Hisar Market Yard,Haryana,Hisar,29.1492,75.7217,curated,true
ambala-hr,Ambala City Mandi,Ambala APMC|Ambala Grain Market,Haryana,Ambala,30.3782,76.7767,curated,true
kanpur-up,Kanpur Mandi,Kanpur APMC|Chakeri Mandi|Naubasta Mandi,Uttar Pradesh,Kanpur,26.4499,80.3319,curated,true
agra-up,Agra Mandi,Agra APMC|Fatehabad Road Mandi,Uttar Pradesh,Agra,27.1767,78.0081,curated,true
meerut-up,Meerut APMC,Meerut Mandi|Delhi Road Mandi,Uttar Pradesh,Meerut,28.9845,77.7064,curated,true
aligarh-up,Aligarh Mandi,Aligarh APMC|Dhanipur Mandi,Uttar Pradesh,Aligarh,27.8974,78.0880,curated,true
bengaluru-ka,Bengaluru APMC,Yeshwanthpur APMC|Bangalore Market Yard,Karnataka,Bengaluru,13.0189,77.5456,curated,true
kolar-ka,Kolar APMC,Kolar Tomato Market|Kolar Market Yard,Karnataka,Kolar,13.1378,78.1340,curated,true
hubballi-ka,Hubballi APMC,Hubli Mandi|Amaragol APMC,Karnataka,Dharwad,15.3647,75.1240,curated,true
davanagere-ka,Davanagere APMC,Davangere Mandi|Davanagere Market Yard,Karnataka,Davanagere,14.4644,75.9218,curated,true
bowenpally-tg,Bowenpally APMC,Bowenpally Market|Hyderabad APMC,Telangana,Hyderabad,17.4727,78.4844,curated,true
warangal-tg,Warangal Mandi,Enumamula Market Yard|Warangal APMC,Telangana,Warangal,17.9689,79.5941,curated,true
gulabbagh-br,Gulabbagh APMC,Gulabbagh Mandi|Purnia Market Yard,Bihar,Purnia,25.7771,87.5147,curated,true
azadpur-dl,Azadpur Mandi,Azadpur APMC|Delhi Azadpur Market,Delhi,North Delhi,28.7159,77.1783,curated,true
